product_id,similar_product_id,similarity_score,rank_position
P00003,P00004,0.0,1
P00004,P00003,0.0,1
P00005,P00003,0.0,1
P00006,P00003,0.0,1
P00009,P00003,0.0,1
P00010,P00003,0.0,1
P00012,P00003,0.0,1
P00014,P00003,0.0,1
P00017,P00003,0.0,1
P00019,P00003,0.0,1
P00021,P00426,0.6666666666666669,1
P00022,P00003,0.0,1
P00023,P01021,0.4999999999999999,1
P00024,P00003,0.0,1
P00025,P04458,0.4999999999999999,1
P00029,P00003,0.0,1
P00030,P01644,0.5773502691896258,1
P00032,P00003,0.0,1
P00034,P02247,0.4999999999999999,1
P00035,P02980,0.7071067811865475,1
P00040,P00604,0.4999999999999999,1
P00041,P00288,0.5,1
P00045,P00492,1.0,1
P00047,P00003,0.0,1
P00048,P00003,0.0,1
P00049,P00003,0.0,1
P00051,P01381,0.6666666666666669,1
P00053,P02740,0.7999999999999999,1
P00056,P00003,0.0,1
P00060,P00003,0.0,1
P00062,P00003,0.0,1
P00063,P04519,0.7071067811865475,1
P00064,P00003,0.0,1
P00067,P01082,0.7071067811865475,1
P00070,P00003,0.0,1
P00071,P03603,0.7071067811865475,1
P00074,P00003,0.0,1
P00081,P04149,1.0,1
P00085,P00003,0.0,1
P00087,P00003,0.0,1
P00088,P00003,0.0,1
P00090,P00003,0.0,1
P00091,P00003,0.0,1
P00092,P00003,0.0,1
P00093,P00003,0.0,1
P00095,P00513,0.4999999999999999,1
P00096,P00003,0.0,1
P00101,P00003,0.0,1
P00104,P00003,0.0,1
P00108,P01520,1.0,1
P00109,P00003,0.0,1
P00110,P00003,0.0,1
P00111,P00003,0.0,1
P00113,P00003,0.0,1
P00114,P00302,0.4999999999999999,1
P00117,P03360,0.408248290463863,1
P00122,P00003,0.0,1
P00123,P01590,0.4999999999999999,1
P00125,P00003,0.0,1
P00126,P00003,0.0,1
P00130,P00003,0.0,1
P00132,P00003,0.0,1
P00136,P02893,1.0,1
P00137,P03213,0.7071067811865475,1
P00139,P00003,0.0,1
P00142,P00003,0.0,1
P00143,P00003,0.0,1
P00144,P00003,0.0,1
P00151,P00319,0.5773502691896258,1
P00152,P00003,0.0,1
P00153,P00003,0.0,1
P00155,P00003,0.0,1
P00157,P00003,0.0,1
P00159,P02956,1.0,1
P00160,P00003,0.0,1
P00164,P00003,0.0,1
P00165,P03124,0.408248290463863,1
P00166,P01310,1.0,1
P00167,P01702,0.35355339059327373,1
P00168,P00003,0.0,1
P00169,P00003,0.0,1
P00170,P00003,0.0,1
P00172,P03246,1.0,1
P00173,P00003,0.0,1
P00174,P00003,0.0,1
P00175,P00003,0.0,1
P00176,P00003,0.0,1
P00179,P01097,0.4999999999999999,1
P00180,P00003,0.0,1
P00183,P00003,0.0,1
P00185,P00003,0.0,1
P00188,P00003,0.0,1
P00189,P01156,0.4999999999999999,1
P00190,P00003,0.0,1
P00193,P00003,0.0,1
P00197,P00003,0.0,1
P00198,P02469,0.7071067811865475,1
P00199,P00003,0.0,1
P00200,P00003,0.0,1
P00201,P00003,0.0,1
P00202,P00003,0.0,1
P00203,P00003,0.0,1
P00204,P00003,0.0,1
P00206,P00003,0.0,1
P00207,P00003,0.0,1
P00209,P00956,0.4999999999999999,1
P00210,P00003,0.0,1
P00211,P00003,0.0,1
P00215,P00003,0.0,1
P00218,P00003,0.0,1
P00219,P00003,0.0,1
P00223,P00003,0.0,1
P00225,P00003,0.0,1
P00226,P00003,0.0,1
P00227,P00003,0.0,1
P00228,P00003,0.0,1
P00230,P00003,0.0,1
P00232,P02026,1.0,1
P00233,P02454,0.6666666666666669,1
P00234,P00003,0.0,1
P00236,P00003,0.0,1
P00240,P00003,0.0,1
P00245,P00003,0.0,1
P00248,P00003,0.0,1
P00254,P03531,0.5773502691896258,1
P00255,P00003,0.0,1
P00256,P00003,0.0,1
P00260,P00003,0.0,1
P00261,P00003,0.0,1
P00262,P00003,0.0,1
P00264,P00003,0.0,1
P00265,P00957,0.4999999999999999,1
P00266,P02381,0.4999999999999999,1
P00268,P00003,0.0,1
P00270,P00003,0.0,1
P00271,P00003,0.0,1
P00272,P00003,0.0,1
P00273,P00003,0.0,1
P00275,P00003,0.0,1
P00279,P00003,0.0,1
P00281,P00003,0.0,1
P00284,P00003,0.0,1
P00285,P00003,0.0,1
P00286,P04118,0.408248290463863,1
P00287,P00945,1.0,1
P00288,P00041,0.5,1
P00289,P00003,0.0,1
P00290,P02437,0.4999999999999999,1
P00293,P00003,0.0,1
P00302,P00114,0.4999999999999999,1
P00304,P00003,0.0,1
P00306,P02616,0.7071067811865475,1
P00308,P00003,0.0,1
P00309,P00045,0.7071067811865475,1
P00312,P00003,0.0,1
P00314,P01440,0.4999999999999999,1
P00316,P00003,0.0,1
P00317,P00003,0.0,1
P00319,P00847,0.7071067811865475,1
P00320,P03171,1.0,1
P00322,P00794,0.7071067811865475,1
P00323,P00003,0.0,1
P00325,P00172,0.7071067811865475,1
P00326,P00003,0.0,1
P00328,P00003,0.0,1
P00330,P00003,0.0,1
P00333,P00003,0.0,1
P00336,P01847,0.4999999999999999,1
P00339,P00003,0.0,1
P00340,P00003,0.0,1
P00344,P02802,1.0,1
P00347,P00003,0.0,1
P00351,P00003,0.0,1
P00352,P00003,0.0,1
P00355,P02351,0.7071067811865475,1
P00356,P01808,0.7071067811865475,1
P00359,P00003,0.0,1
P00361,P01207,0.7071067811865475,1
P00362,P00815,0.6666666666666669,1
P00363,P01591,1.0,1
P00366,P00003,0.0,1
P00367,P00003,0.0,1
P00369,P02391,0.5773502691896258,1
P00370,P01328,0.5773502691896258,1
P00372,P00003,0.0,1
P00374,P00003,0.0,1
P00375,P00003,0.0,1
P00379,P00003,0.0,1
P00380,P00003,0.0,1
P00386,P00429,0.6708203932499369,1
P00387,P00794,0.7071067811865475,1
P00388,P00003,0.0,1
P00391,P00003,0.0,1
P00392,P04222,0.7071067811865475,1
P00393,P00003,0.0,1
P00394,P00003,0.0,1
P00395,P00003,0.0,1
P00399,P00003,0.0,1
P00401,P00003,0.0,1
P00402,P04286,1.0,1
P00403,P00003,0.0,1
P00405,P01132,0.4999999999999999,1
P00407,P00778,0.5773502691896258,1
P00408,P00003,0.0,1
P00409,P00003,0.0,1
P00412,P00003,0.0,1
P00413,P00003,0.0,1
P00415,P02304,0.6666666666666669,1
P00416,P00003,0.0,1
P00417,P02589,1.0,1
P00419,P01309,0.7071067811865475,1
P00424,P00003,0.0,1
P00426,P00021,0.6666666666666669,1
P00427,P00003,0.0,1
P00429,P02073,0.75,1
P00431,P00003,0.0,1
P00432,P00003,0.0,1
P00433,P00003,0.0,1
P00434,P00003,0.0,1
P00435,P00003,0.0,1
P00438,P01292,0.4999999999999999,1
P00440,P00443,1.0,1
P00443,P00440,1.0,1
P00445,P00003,0.0,1
P00448,P00003,0.0,1
P00450,P00003,0.0,1
P00451,P00003,0.0,1
P00452,P00003,0.0,1
P00454,P00003,0.0,1
P00459,P00003,0.0,1
P00462,P00003,0.0,1
P00466,P00588,0.4999999999999999,1
P00467,P00003,0.0,1
P00468,P00003,0.0,1
P00471,P01391,0.7071067811865475,1
P00473,P00003,0.0,1
P00474,P00003,0.0,1
P00477,P00003,0.0,1
P00479,P00003,0.0,1
P00480,P00003,0.0,1
P00481,P01751,0.4999999999999999,1
P00484,P00003,0.0,1
P00485,P00003,0.0,1
P00487,P01253,0.4999999999999999,1
P00488,P00003,0.0,1
P00489,P00930,1.0,1
P00491,P03713,0.7071067811865475,1
P00492,P00045,1.0,1
P00494,P00003,0.0,1
P00495,P00003,0.0,1
P00497,P00003,0.0,1
P00498,P00003,0.0,1
P00499,P00003,0.0,1
P00500,P00003,0.0,1
P00501,P00003,0.0,1
P00504,P00003,0.0,1
P00510,P00003,0.0,1
P00513,P00095,0.4999999999999999,1
P00514,P00003,0.0,1
P00517,P00003,0.0,1
P00518,P00003,0.0,1
P00519,P03304,0.4999999999999999,1
P00520,P03124,0.7071067811865475,1
P00521,P00003,0.0,1
P00522,P00003,0.0,1
P00523,P00003,0.0,1
P00526,P03471,0.4999999999999999,1
P00533,P02425,0.5773502691896258,1
P00534,P00003,0.0,1
P00535,P00003,0.0,1
P00539,P00003,0.0,1
P00540,P00003,0.0,1
P00541,P00003,0.0,1
P00542,P00003,0.0,1
P00543,P00003,0.0,1
P00546,P00003,0.0,1
P00549,P00003,0.0,1
P00551,P00067,0.4999999999999999,1
P00554,P02355,1.0,1
P00555,P00003,0.0,1
P00556,P00003,0.0,1
P00557,P00003,0.0,1
P00558,P02612,0.4999999999999999,1
P00559,P04425,0.4999999999999999,1
P00566,P00003,0.0,1
P00569,P00003,0.0,1
P00570,P00003,0.0,1
P00571,P00003,0.0,1
P00572,P00003,0.0,1
P00574,P00003,0.0,1
P00576,P00003,0.0,1
P00577,P00003,0.0,1
P00578,P04732,0.7071067811865475,1
P00583,P01209,0.4999999999999999,1
P00584,P00003,0.0,1
P00585,P00003,0.0,1
P00588,P00466,0.4999999999999999,1
P00589,P00003,0.0,1
P00591,P00003,0.0,1
P00592,P00003,0.0,1
P00594,P00003,0.0,1
P00597,P00003,0.0,1
P00598,P00003,0.0,1
P00600,P00003,0.0,1
P00601,P00003,0.0,1
P00602,P00003,0.0,1
P00603,P00003,0.0,1
P00604,P00040,0.4999999999999999,1
P00606,P00003,0.0,1
P00608,P02670,0.7071067811865475,1
P00610,P02617,0.4999999999999999,1
P00612,P00003,0.0,1
P00613,P00003,0.0,1
P00615,P00737,0.6666666666666669,1
P00616,P00003,0.0,1
P00617,P00003,0.0,1
P00620,P03529,0.408248290463863,1
P00623,P00003,0.0,1
P00624,P00003,0.0,1
P00625,P00003,0.0,1
P00627,P00003,0.0,1
P00631,P00003,0.0,1
P00633,P01644,0.5163977794943223,1
P00638,P00003,0.0,1
P00640,P00003,0.0,1
P00641,P00003,0.0,1
P00645,P04273,1.0,1
P00646,P00003,0.0,1
P00647,P00003,0.0,1
P00650,P00003,0.0,1
P00651,P00003,0.0,1
P00653,P04974,1.0,1
P00657,P00003,0.0,1
P00658,P00003,0.0,1
P00659,P00003,0.0,1
P00660,P00003,0.0,1
P00664,P04002,0.7071067811865475,1
P00667,P00003,0.0,1
P00671,P00003,0.0,1
P00674,P00003,0.0,1
P00676,P00003,0.0,1
P00677,P00911,0.4999999999999999,1
P00678,P00003,0.0,1
P00682,P01511,0.4999999999999999,1
P00683,P00003,0.0,1
P00688,P00003,0.0,1
P00694,P00003,0.0,1
P00695,P00003,0.0,1
P00696,P01109,0.4999999999999999,1
P00698,P00003,0.0,1
P00700,P04745,0.7071067811865475,1
P00701,P00003,0.0,1
P00704,P00415,0.4714045207910318,1
P00705,P00003,0.0,1
P00709,P00003,0.0,1
P00713,P00003,0.0,1
P00721,P03027,0.7071067811865475,1
P00724,P03097,0.4999999999999999,1
P00726,P00986,0.4999999999999999,1
P00727,P00003,0.0,1
P00728,P00003,0.0,1
P00729,P00003,0.0,1
P00730,P00003,0.0,1
P00732,P00003,0.0,1
P00735,P00615,0.5773502691896258,1
P00736,P01808,0.408248290463863,1
P00737,P00615,0.6666666666666669,1
P00743,P00003,0.0,1
P00751,P00003,0.0,1
P00753,P00003,0.0,1
P00755,P00003,0.0,1
P00756,P01990,0.7071067811865475,1
P00757,P00003,0.0,1
P00760,P00003,0.0,1
P00763,P00003,0.0,1
P00765,P00003,0.0,1
P00767,P01073,0.7071067811865475,1
P00772,P00830,0.4999999999999999,1
P00773,P00003,0.0,1
P00775,P00003,0.0,1
P00778,P01110,0.6666666666666669,1
P00780,P00003,0.0,1
P00782,P00003,0.0,1
P00783,P00003,0.0,1
P00785,P00003,0.0,1
P00788,P02151,0.4999999999999999,1
P00791,P00003,0.0,1
P00792,P00003,0.0,1
P00794,P00322,0.7071067811865475,1
P00795,P00003,0.0,1
P00797,P00003,0.0,1
P00798,P00003,0.0,1
P00799,P04789,0.5,1
P00803,P00003,0.0,1
P00806,P00003,0.0,1
P00809,P00003,0.0,1
P00810,P00003,0.0,1
P00811,P03728,0.4999999999999999,1
P00812,P02684,0.7071067811865475,1
P00813,P00003,0.0,1
P00815,P00362,0.6666666666666669,1
P00816,P00003,0.0,1
P00818,P04302,0.35355339059327373,1
P00819,P00003,0.0,1
P00820,P00003,0.0,1
P00821,P01644,0.5773502691896258,1
P00822,P00003,0.0,1
P00823,P00003,0.0,1
P00827,P01105,0.4999999999999999,1
P00828,P00003,0.0,1
P00830,P00772,0.4999999999999999,1
P00832,P00003,0.0,1
P00837,P00003,0.0,1
P00838,P00003,0.0,1
P00839,P00003,0.0,1
P00840,P00003,0.0,1
P00841,P04339,0.7071067811865475,1
P00844,P00003,0.0,1
P00847,P00319,0.7071067811865475,1
P00848,P00003,0.0,1
P00849,P00003,0.0,1
P00851,P00003,0.0,1
P00853,P00003,0.0,1
P00855,P00003,0.0,1
P00859,P01376,0.5773502691896258,1
P00861,P00003,0.0,1
P00862,P00003,0.0,1
P00863,P00003,0.0,1
P00864,P00003,0.0,1
P00866,P00003,0.0,1
P00868,P03603,0.408248290463863,1
P00869,P03673,1.0,1
P00871,P01299,0.5,1
P00873,P00003,0.0,1
P00876,P00003,0.0,1
P00878,P00003,0.0,1
P00882,P00003,0.0,1
P00883,P00003,0.0,1
P00884,P00003,0.0,1
P00886,P00003,0.0,1
P00888,P00003,0.0,1
P00890,P00003,0.0,1
P00892,P01051,0.408248290463863,1
P00895,P03530,1.0,1
P00897,P00003,0.0,1
P00898,P01355,1.0,1
P00900,P00003,0.0,1
P00903,P00003,0.0,1
P00905,P00003,0.0,1
P00907,P00003,0.0,1
P00908,P00003,0.0,1
P00910,P00003,0.0,1
P00911,P00677,0.4999999999999999,1
P00912,P00003,0.0,1
P00913,P00003,0.0,1
P00914,P04026,0.7071067811865475,1
P00915,P00003,0.0,1
P00916,P00003,0.0,1
P00918,P00003,0.0,1
P00919,P00003,0.0,1
P00921,P00003,0.0,1
P00923,P00003,0.0,1
P00927,P00003,0.0,1
P00930,P00489,1.0,1
P00931,P00003,0.0,1
P00936,P02045,1.0,1
P00941,P00003,0.0,1
P00942,P00003,0.0,1
P00944,P00003,0.0,1
P00945,P00287,1.0,1
P00949,P01849,0.4999999999999999,1
P00950,P00003,0.0,1
P00951,P00003,0.0,1
P00952,P00003,0.0,1
P00954,P00003,0.0,1
P00956,P00209,0.4999999999999999,1
P00957,P00265,0.4999999999999999,1
P00958,P00003,0.0,1
P00961,P00003,0.0,1
P00964,P00003,0.0,1
P00965,P00003,0.0,1
P00967,P00003,0.0,1
P00969,P00003,0.0,1
P00970,P00003,0.0,1
P00972,P03760,0.7071067811865475,1
P00973,P00003,0.0,1
P00974,P00003,0.0,1
P00978,P00003,0.0,1
P00983,P00003,0.0,1
P00984,P00003,0.0,1
P00986,P00726,0.4999999999999999,1
P00989,P00003,0.0,1
P00990,P00003,0.0,1
P00994,P00003,0.0,1
P00995,P00003,0.0,1
P00997,P00003,0.0,1
P00998,P00003,0.0,1
P01000,P00003,0.0,1
P01001,P00003,0.0,1
P01002,P00003,0.0,1
P01006,P00003,0.0,1
P01008,P00003,0.0,1
P01015,P00003,0.0,1
P01018,P00003,0.0,1
P01019,P03770,0.4999999999999999,1
P01021,P00023,0.4999999999999999,1
P01022,P02112,0.7071067811865475,1
P01023,P00003,0.0,1
P01024,P03434,0.7071067811865475,1
P01025,P01965,0.4999999999999999,1
P01026,P00123,0.35355339059327373,1
P01027,P00003,0.0,1
P01028,P03020,0.4999999999999999,1
P01029,P00003,0.0,1
P01031,P00003,0.0,1
P01034,P00003,0.0,1
P01037,P03478,0.4999999999999999,1
P01038,P00003,0.0,1
P01041,P00003,0.0,1
P01042,P00003,0.0,1
P01043,P02146,0.4999999999999999,1
P01044,P00003,0.0,1
P01045,P00003,0.0,1
P01046,P00003,0.0,1
P01047,P04415,1.0,1
P01048,P03639,0.5773502691896258,1
P01049,P00003,0.0,1
P01051,P01282,0.7071067811865475,1
P01058,P00003,0.0,1
P01060,P00003,0.0,1
P01062,P04026,0.5773502691896258,1
P01065,P00003,0.0,1
P01067,P00003,0.0,1
P01068,P01098,0.5773502691896258,1
P01073,P00767,0.7071067811865475,1
P01074,P00003,0.0,1
P01075,P00003,0.0,1
P01076,P04188,0.4999999999999999,1
P01080,P00003,0.0,1
P01082,P00067,0.7071067811865475,1
P01083,P00003,0.0,1
P01084,P00003,0.0,1
P01085,P00003,0.0,1
P01086,P00003,0.0,1
P01088,P02890,1.0,1
P01089,P00003,0.0,1
P01093,P00232,0.5773502691896258,1
P01094,P00003,0.0,1
P01096,P00003,0.0,1
P01097,P00179,0.4999999999999999,1
P01098,P02332,0.6666666666666669,1
P01102,P00053,0.6761234037828132,1
P01104,P00003,0.0,1
P01105,P00827,0.4999999999999999,1
P01106,P04692,0.4999999999999999,1
P01109,P00696,0.4999999999999999,1
P01110,P00778,0.6666666666666669,1
P01111,P00003,0.0,1
P01112,P03490,1.0,1
P01113,P00003,0.0,1
P01114,P03442,0.7071067811865475,1
P01115,P00003,0.0,1
P01116,P02616,0.408248290463863,1
P01117,P00003,0.0,1
P01119,P00003,0.0,1
P01121,P00003,0.0,1
P01126,P00003,0.0,1
P01128,P00003,0.0,1
P01129,P00003,0.0,1
P01130,P00003,0.0,1
P01132,P00405,0.4999999999999999,1
P01134,P04965,0.7071067811865475,1
P01135,P00003,0.0,1
P01137,P00003,0.0,1
P01138,P00003,0.0,1
P01140,P02723,0.7071067811865475,1
P01141,P01235,0.4999999999999999,1
P01144,P00003,0.0,1
P01145,P00003,0.0,1
P01147,P00003,0.0,1
P01149,P00003,0.0,1
P01150,P00209,0.4999999999999999,1
P01156,P00189,0.4999999999999999,1
P01160,P00003,0.0,1
P01161,P00003,0.0,1
P01162,P01326,0.35355339059327373,1
P01165,P00003,0.0,1
P01166,P00003,0.0,1
P01172,P03060,0.4999999999999999,1
P01174,P00003,0.0,1
P01175,P03262,0.4999999999999999,1
P01178,P00003,0.0,1
P01181,P00003,0.0,1
P01185,P03052,0.5773502691896258,1
P01186,P00003,0.0,1
P01188,P02599,0.7071067811865475,1
P01192,P00003,0.0,1
P01193,P01141,0.408248290463863,1
P01195,P00003,0.0,1
P01201,P00003,0.0,1
P01202,P04580,0.5773502691896258,1
P01204,P02881,1.0,1
P01207,P00361,0.7071067811865475,1
P01209,P00583,0.4999999999999999,1
P01210,P00003,0.0,1
P01212,P00021,0.5773502691896258,1
P01215,P01722,0.4999999999999999,1
P01218,P00003,0.0,1
P01220,P00003,0.0,1
P01221,P04706,0.6666666666666669,1
P01224,P01657,0.4999999999999999,1
P01225,P00003,0.0,1
P01228,P00003,0.0,1
P01232,P00003,0.0,1
P01233,P04597,0.7071067811865475,1
P01235,P01141,0.4999999999999999,1
P01236,P00003,0.0,1
P01240,P03159,1.0,1
P01241,P00003,0.0,1
P01242,P00003,0.0,1
P01245,P00003,0.0,1
P01248,P01387,0.7071067811865475,1
P01249,P00003,0.0,1
P01253,P00487,0.4999999999999999,1
P01254,P01864,0.7071067811865475,1
P01255,P00003,0.0,1
P01257,P00003,0.0,1
P01259,P04254,0.4999999999999999,1
P01260,P00003,0.0,1
P01261,P00003,0.0,1
P01264,P00003,0.0,1
P01267,P00003,0.0,1
P01269,P00003,0.0,1
P01271,P00003,0.0,1
P01272,P02771,1.0,1
P01273,P00003,0.0,1
P01274,P00067,0.408248290463863,1
P01277,P00003,0.0,1
P01278,P00209,0.35355339059327373,1
P01279,P00003,0.0,1
P01280,P00003,0.0,1
P01281,P00003,0.0,1
P01282,P01051,0.7071067811865475,1
P01283,P00003,0.0,1
P01285,P00003,0.0,1
P01286,P00003,0.0,1
P01288,P00003,0.0,1
P01289,P00003,0.0,1
P01291,P00003,0.0,1
P01292,P00438,0.4999999999999999,1
P01293,P03545,0.4999999999999999,1
P01294,P00003,0.0,1
P01296,P02763,0.5773502691896258,1
P01299,P00871,0.5,1
P01301,P00003,0.0,1
P01303,P00003,0.0,1
P01304,P04330,0.7071067811865475,1
P01305,P00827,0.4999999999999999,1
P01307,P00003,0.0,1
P01309,P00419,0.7071067811865475,1
P01310,P00166,1.0,1
P01313,P02179,0.7071067811865475,1
P01314,P00003,0.0,1
P01320,P00003,0.0,1
P01323,P00003,0.0,1
P01324,P00003,0.0,1
P01325,P00003,0.0,1
P01326,P03176,0.7071067811865475,1
P01327,P00003,0.0,1
P01328,P03783,1.0,1
P01332,P00003,0.0,1
P01334,P00003,0.0,1
P01335,P00003,0.0,1
P01336,P03716,1.0,1
P01338,P00003,0.0,1
P01339,P00003,0.0,1
P01344,P02170,1.0,1
P01345,P00003,0.0,1
P01346,P00003,0.0,1
P01347,P00003,0.0,1
P01349,P00265,0.4999999999999999,1
P01353,P04421,0.7071067811865475,1
P01355,P00898,1.0,1
P01356,P00003,0.0,1
P01358,P02558,0.5773502691896258,1
P01359,P00003,0.0,1
P01367,P00003,0.0,1
P01372,P00003,0.0,1
P01373,P00003,0.0,1
P01374,P00003,0.0,1
P01376,P04782,1.0,1
P01379,P01221,0.5773502691896258,1
P01381,P00051,0.6666666666666669,1
P01384,P00003,0.0,1
P01385,P03760,0.7071067811865475,1
P01387,P01248,0.7071067811865475,1
P01388,P00003,0.0,1
P01389,P01943,0.4999999999999999,1
P01390,P00003,0.0,1
P01391,P00471,0.7071067811865475,1
P01393,P00003,0.0,1
P01394,P00003,0.0,1
P01397,P00003,0.0,1
P01400,P00003,0.0,1
P01404,P00003,0.0,1
P01406,P04550,0.408248290463863,1
P01407,P00003,0.0,1
P01408,P00003,0.0,1
P01409,P00003,0.0,1
P01410,P01693,0.4999999999999999,1
P01412,P00003,0.0,1
P01416,P00003,0.0,1
P01417,P02628,0.5773502691896258,1
P01418,P00003,0.0,1
P01422,P01855,0.4999999999999999,1
P01424,P00003,0.0,1
P01425,P04155,0.7071067811865475,1
P01426,P00003,0.0,1
P01427,P00003,0.0,1
P01428,P00003,0.0,1
P01429,P00003,0.0,1
P01431,P01990,0.7071067811865475,1
P01432,P00003,0.0,1
P01433,P00003,0.0,1
P01435,P00003,0.0,1
P01437,P00003,0.0,1
P01438,P00003,0.0,1
P01440,P00314,0.4999999999999999,1
P01443,P02653,1.0,1
P01448,P00003,0.0,1
P01449,P00003,0.0,1
P01452,P00003,0.0,1
P01458,P00003,0.0,1
P01459,P00003,0.0,1
P01460,P02251,1.0,1
P01461,P00003,0.0,1
P01462,P00003,0.0,1
P01463,P00003,0.0,1
P01465,P00003,0.0,1
P01467,P04157,1.0,1
P01469,P02379,0.6666666666666669,1
P01472,P00003,0.0,1
P01474,P00189,0.4999999999999999,1
P01478,P00003,0.0,1
P01479,P00003,0.0,1
P01481,P01469,0.5773502691896258,1
P01482,P00003,0.0,1
P01485,P00487,0.4999999999999999,1
P01488,P00003,0.0,1
P01490,P03145,0.6666666666666669,1
P01493,P00003,0.0,1
P01494,P00003,0.0,1
P01495,P03733,0.4999999999999999,1
P01497,P00003,0.0,1
P01498,P00003,0.0,1
P01501,P00003,0.0,1
P01504,P03088,0.7071067811865475,1
P01505,P03269,1.0,1
P01507,P01861,0.6666666666666669,1
P01508,P02121,1.0,1
P01510,P00003,0.0,1
P01511,P00682,0.4999999999999999,1
P01514,P02027,0.7071067811865475,1
P01515,P00322,0.408248290463863,1
P01516,P00003,0.0,1
P01519,P00003,0.0,1
P01520,P00108,1.0,1
P01521,P02362,0.6666666666666669,1
P01522,P00003,0.0,1
P01524,P00003,0.0,1
P01526,P02075,0.5773502691896258,1
P01527,P00003,0.0,1
P01529,P00003,0.0,1
P01532,P00003,0.0,1
P01538,P00003,0.0,1
P01542,P00003,0.0,1
P01549,P00003,0.0,1
P01553,P01962,1.0,1
P01555,P00003,0.0,1
P01556,P00003,0.0,1
P01557,P02619,0.7071067811865475,1
P01558,P00583,0.4999999999999999,1
P01559,P00003,0.0,1
P01561,P00003,0.0,1
P01562,P00003,0.0,1
P01563,P00003,0.0,1
P01564,P00003,0.0,1
P01573,P01646,0.4999999999999999,1
P01574,P00003,0.0,1
P01575,P00003,0.0,1
P01577,P00003,0.0,1
P01578,P00003,0.0,1
P01580,P00003,0.0,1
P01581,P03264,0.408248290463863,1
P01586,P02706,0.7071067811865475,1
P01588,P00003,0.0,1
P01589,P00003,0.0,1
P01590,P00123,0.4999999999999999,1
P01591,P00363,1.0,1
P01592,P00003,0.0,1
P01593,P00003,0.0,1
P01594,P00003,0.0,1
P01595,P03021,0.4999999999999999,1
P01596,P00003,0.0,1
P01597,P00003,0.0,1
P01602,P00003,0.0,1
P01605,P00003,0.0,1
P01606,P00003,0.0,1
P01607,P00003,0.0,1
P01608,P00003,0.0,1
P01612,P00003,0.0,1
P01615,P00003,0.0,1
P01616,P00003,0.0,1
P01618,P00003,0.0,1
P01619,P00003,0.0,1
P01623,P00003,0.0,1
P01626,P00003,0.0,1
P01627,P00003,0.0,1
P01629,P00003,0.0,1
P01630,P00003,0.0,1
P01631,P00003,0.0,1
P01632,P00003,0.0,1
P01635,P00003,0.0,1
P01642,P00726,0.4999999999999999,1
P01643,P00003,0.0,1
P01644,P03303,0.6666666666666669,1
P01646,P01573,0.4999999999999999,1
P01648,P00003,0.0,1
P01649,P00003,0.0,1
P01651,P00003,0.0,1
P01653,P00003,0.0,1
P01654,P00003,0.0,1
P01657,P01224,0.4999999999999999,1
P01660,P02987,0.4999999999999999,1
P01661,P00003,0.0,1
P01662,P00003,0.0,1
P01664,P00003,0.0,1
P01665,P00003,0.0,1
P01666,P02866,0.4999999999999999,1
P01669,P01745,0.4999999999999999,1
P01670,P00003,0.0,1
P01671,P00003,0.0,1
P01672,P00003,0.0,1
P01674,P00003,0.0,1
P01676,P00003,0.0,1
P01677,P01022,0.408248290463863,1
P01678,P00003,0.0,1
P01679,P01098,0.5773502691896258,1
P01684,P04691,1.0,1
P01686,P00003,0.0,1
P01691,P00003,0.0,1
P01693,P01410,0.4999999999999999,1
P01694,P00003,0.0,1
P01697,P00003,0.0,1
P01701,P00003,0.0,1
P01702,P01753,0.4999999999999999,1
P01704,P03088,0.408248290463863,1
P01708,P00003,0.0,1
P01709,P04829,0.4999999999999999,1
P01710,P00003,0.0,1
P01711,P01989,0.35355339059327373,1
P01712,P00003,0.0,1
P01713,P00003,0.0,1
P01714,P00003,0.0,1
P01717,P04595,0.7071067811865475,1
P01720,P00003,0.0,1
P01722,P01215,0.4999999999999999,1
P01725,P00003,0.0,1
P01726,P00003,0.0,1
P01731,P00003,0.0,1
P01734,P02846,1.0,1
P01745,P01669,0.4999999999999999,1
P01750,P00003,0.0,1
P01751,P00481,0.4999999999999999,1
P01753,P01702,0.4999999999999999,1
P01754,P00003,0.0,1
P01758,P04204,1.0,1
P01759,P00003,0.0,1
P01761,P00003,0.0,1
P01762,P00003,0.0,1
P01766,P00003,0.0,1
P01767,P00003,0.0,1
P01768,P00471,0.7071067811865475,1
P01770,P00003,0.0,1
P01771,P00003,0.0,1
P01773,P00003,0.0,1
P01775,P00003,0.0,1
P01776,P03207,1.0,1
P01778,P00003,0.0,1
P01779,P00003,0.0,1
P01780,P00003,0.0,1
P01782,P00003,0.0,1
P01787,P00123,0.4999999999999999,1
P01788,P00003,0.0,1
P01790,P00003,0.0,1
P01791,P00003,0.0,1
P01793,P00003,0.0,1
P01794,P00003,0.0,1
P01798,P00003,0.0,1
P01799,P00003,0.0,1
P01803,P03442,0.7071067811865475,1
P01808,P00356,0.7071067811865475,1
P01813,P00003,0.0,1
P01819,P00003,0.0,1
P01829,P00003,0.0,1
P01830,P00003,0.0,1
P01832,P00003,0.0,1
P01833,P00003,0.0,1
P01834,P00003,0.0,1
P01835,P00003,0.0,1
P01837,P03352,0.4999999999999999,1
P01838,P00003,0.0,1
P01840,P02862,1.0,1
P01841,P00003,0.0,1
P01843,P00003,0.0,1
P01846,P00003,0.0,1
P01847,P00336,0.4999999999999999,1
P01848,P00003,0.0,1
P01849,P00949,0.4999999999999999,1
P01852,P00003,0.0,1
P01854,P00003,0.0,1
P01855,P01422,0.4999999999999999,1
P01856,P00003,0.0,1
P01857,P00003,0.0,1
P01859,P00003,0.0,1
P01861,P01507,0.6666666666666669,1
P01863,P00003,0.0,1
P01864,P01254,0.7071067811865475,1
P01865,P00003,0.0,1
P01867,P00003,0.0,1
P01869,P00003,0.0,1
P01870,P00003,0.0,1
P01872,P00003,0.0,1
P01874,P00003,0.0,1
P01876,P00003,0.0,1
P01878,P04769,0.5773502691896258,1
P01881,P04093,0.6666666666666669,1
P01883,P00003,0.0,1
P01885,P00003,0.0,1
P01886,P02175,0.6666666666666669,1
P01887,P02990,1.0,1
P01888,P00003,0.0,1
P01889,P00003,0.0,1
P01891,P00003,0.0,1
P01893,P04632,0.6666666666666669,1
P01894,P00615,0.5773502691896258,1
P01895,P01469,0.5773502691896258,1
P01896,P00003,0.0,1
P01898,P00003,0.0,1
P01900,P00003,0.0,1
P01901,P00003,0.0,1
P01905,P00003,0.0,1
P01907,P00003,0.0,1
P01911,P00003,0.0,1
P01912,P00003,0.0,1
P01915,P00003,0.0,1
P01917,P00003,0.0,1
P01918,P01942,0.4999999999999999,1
P01919,P02062,0.7071067811865475,1
P01922,P02384,0.408248290463863,1
P01928,P00003,0.0,1
P01929,P00003,0.0,1
P01932,P00003,0.0,1
P01936,P00003,0.0,1
P01938,P00003,0.0,1
P01942,P01918,0.4999999999999999,1
P01943,P01389,0.4999999999999999,1
P01944,P00003,0.0,1
P01946,P00003,0.0,1
P01952,P00003,0.0,1
P01953,P00003,0.0,1
P01954,P00003,0.0,1
P01955,P00003,0.0,1
P01956,P02599,0.7071067811865475,1
P01957,P00003,0.0,1
P01962,P01553,1.0,1
P01964,P00003,0.0,1
P01965,P01025,0.4999999999999999,1
P01967,P00003,0.0,1
P01973,P00003,0.0,1
P01974,P00003,0.0,1
P01980,P00003,0.0,1
P01981,P00003,0.0,1
P01982,P00003,0.0,1
P01983,P00003,0.0,1
P01989,P02075,0.5,1
P01990,P00756,0.7071067811865475,1
P01992,P00003,0.0,1
P01993,P00003,0.0,1
P01994,P00003,0.0,1
P01997,P00003,0.0,1
P01998,P00003,0.0,1
P01999,P00003,0.0,1
P02000,P00003,0.0,1
P02004,P04058,0.4999999999999999,1
P02005,P02234,0.5773502691896258,1
P02008,P00003,0.0,1
P02013,P00003,0.0,1
P02015,P00003,0.0,1
P02017,P00003,0.0,1
P02018,P00003,0.0,1
P02020,P00003,0.0,1
P02023,P00003,0.0,1
P02026,P00232,1.0,1
P02027,P01514,0.7071067811865475,1
P02028,P00003,0.0,1
P02029,P00003,0.0,1
P02037,P00003,0.0,1
P02039,P02723,0.408248290463863,1
P02041,P00003,0.0,1
P02042,P00003,0.0,1
P02043,P00003,0.0,1
P02045,P00936,1.0,1
P02046,P01919,0.408248290463863,1
P02049,P00003,0.0,1
P02051,P00003,0.0,1
P02053,P00003,0.0,1
P02056,P00003,0.0,1
P02057,P00003,0.0,1
P02058,P00003,0.0,1
P02062,P01919,0.7071067811865475,1
P02064,P00003,0.0,1
P02068,P00003,0.0,1
P02072,P00003,0.0,1
P02073,P00429,0.75,1
P02075,P02847,0.7071067811865475,1
P02077,P04639,1.0,1
P02079,P00003,0.0,1
P02085,P00003,0.0,1
P02089,P00003,0.0,1
P02090,P00003,0.0,1
P02091,P00003,0.0,1
P02093,P00003,0.0,1
P02094,P00003,0.0,1
P02095,P00003,0.0,1
P02096,P00003,0.0,1
P02099,P00003,0.0,1
P02100,P00003,0.0,1
P02103,P03093,0.5773502691896258,1
P02106,P00003,0.0,1
P02107,P00003,0.0,1
P02110,P00003,0.0,1
P02112,P01022,0.7071067811865475,1
P02114,P00003,0.0,1
P02117,P00003,0.0,1
P02118,P00003,0.0,1
P02119,P00003,0.0,1
P02121,P01508,1.0,1
P02122,P00003,0.0,1
P02123,P00003,0.0,1
P02124,P00003,0.0,1
P02131,P00003,0.0,1
P02133,P00003,0.0,1
P02135,P02875,0.7071067811865475,1
P02136,P00003,0.0,1
P02137,P00003,0.0,1
P02139,P00003,0.0,1
P02141,P00003,0.0,1
P02144,P00003,0.0,1
P02145,P04770,0.5773502691896258,1
P02146,P01043,0.4999999999999999,1
P02149,P00003,0.0,1
P02151,P00788,0.4999999999999999,1
P02152,P02473,1.0,1
P02157,P02689,1.0,1
P02160,P00003,0.0,1
P02165,P00003,0.0,1
P02167,P00003,0.0,1
P02168,P00003,0.0,1
P02169,P00003,0.0,1
P02170,P01344,1.0,1
P02175,P01886,0.6666666666666669,1
P02176,P04769,0.7071067811865475,1
P02179,P01313,0.7071067811865475,1
P02181,P00003,0.0,1
P02185,P00003,0.0,1
P02186,P00003,0.0,1
P02187,P00003,0.0,1
P02195,P00003,0.0,1
P02196,P00003,0.0,1
P02197,P00003,0.0,1
P02198,P00003,0.0,1
P02201,P00003,0.0,1
P02203,P00003,0.0,1
P02205,P00003,0.0,1
P02206,P00003,0.0,1
P02213,P04791,0.4999999999999999,1
P02214,P00003,0.0,1
P02215,P00003,0.0,1
P02217,P00003,0.0,1
P02218,P00003,0.0,1
P02220,P00003,0.0,1
P02222,P00003,0.0,1
P02224,P00003,0.0,1
P02225,P00003,0.0,1
P02228,P02853,0.4999999999999999,1
P02231,P00003,0.0,1
P02232,P00003,0.0,1
P02233,P00051,0.6666666666666669,1
P02234,P02005,0.5773502691896258,1
P02235,P00003,0.0,1
P02236,P00003,0.0,1
P02237,P00003,0.0,1
P02240,P00003,0.0,1
P02243,P00003,0.0,1
P02246,P00003,0.0,1
P02247,P00034,0.4999999999999999,1
P02248,P01207,0.7071067811865475,1
P02250,P00003,0.0,1
P02251,P01460,1.0,1
P02252,P00003,0.0,1
P02254,P00003,0.0,1
P02256,P00003,0.0,1
P02258,P00003,0.0,1
P02264,P00003,0.0,1
P02266,P00003,0.0,1
P02267,P00003,0.0,1
P02270,P00003,0.0,1
P02271,P00003,0.0,1
P02273,P00429,0.6708203932499369,1
P02275,P00003,0.0,1
P02277,P00003,0.0,1
P02280,P00021,0.5773502691896258,1
P02286,P00003,0.0,1
P02288,P00003,0.0,1
P02289,P00003,0.0,1
P02292,P00003,0.0,1
P02296,P03320,1.0,1
P02297,P00003,0.0,1
P02303,P00003,0.0,1
P02304,P00415,0.6666666666666669,1
P02306,P00003,0.0,1
P02307,P00003,0.0,1
P02315,P03220,1.0,1
P02316,P00003,0.0,1
P02317,P00003,0.0,1
P02321,P00481,0.4999999999999999,1
P02323,P00003,0.0,1
P02327,P00003,0.0,1
P02329,P00003,0.0,1
P02332,P01098,0.6666666666666669,1
P02334,P00003,0.0,1
P02336,P00003,0.0,1
P02339,P03305,1.0,1
P02343,P00003,0.0,1
P02345,P00003,0.0,1
P02346,P00003,0.0,1
P02347,P03434,0.408248290463863,1
P02349,P00003,0.0,1
P02351,P00355,0.7071067811865475,1
P02353,P00003,0.0,1
P02354,P00003,0.0,1
P02355,P00554,1.0,1
P02358,P00003,0.0,1
P02362,P01521,0.6666666666666669,1
P02365,P00003,0.0,1
P02366,P00003,0.0,1
P02370,P00003,0.0,1
P02371,P01893,0.5163977794943223,1
P02373,P00003,0.0,1
P02375,P02479,0.4999999999999999,1
P02376,P00361,0.5,1
P02379,P01469,0.6666666666666669,1
P02381,P00266,0.4999999999999999,1
P02382,P02431,0.408248290463863,1
P02383,P00003,0.0,1
P02384,P03189,0.7071067811865475,1
P02386,P00003,0.0,1
P02391,P02444,0.6666666666666669,1
P02392,P00003,0.0,1
P02393,P00003,0.0,1
P02394,P00003,0.0,1
P02395,P00003,0.0,1
P02400,P00003,0.0,1
P02403,P00003,0.0,1
P02405,P00003,0.0,1
P02413,P00003,0.0,1
P02415,P00003,0.0,1
P02421,P00003,0.0,1
P02423,P00003,0.0,1
P02424,P00003,0.0,1
P02425,P00533,0.5773502691896258,1
P02426,P00003,0.0,1
P02427,P00003,0.0,1
P02430,P00003,0.0,1
P02431,P04566,0.7071067811865475,1
P02432,P00003,0.0,1
P02433,P02486,0.75,1
P02437,P00290,0.4999999999999999,1
P02440,P00003,0.0,1
P02441,P00003,0.0,1
P02442,P00003,0.0,1
P02443,P00003,0.0,1
P02444,P02391,0.6666666666666669,1
P02447,P04399,0.7071067811865475,1
P02451,P02077,0.5,1
P02454,P00233,0.6666666666666669,1
P02456,P04965,0.7071067811865475,1
P02458,P03547,0.7071067811865475,1
P02459,P00003,0.0,1
P02465,P00003,0.0,1
P02469,P00198,0.7071067811865475,1
P02471,P00003,0.0,1
P02473,P02152,1.0,1
P02474,P00003,0.0,1
P02477,P00003,0.0,1
P02478,P00003,0.0,1
P02479,P02375,0.4999999999999999,1
P02480,P00003,0.0,1
P02484,P00003,0.0,1
P02485,P00003,0.0,1
P02486,P02433,0.75,1
P02488,P00003,0.0,1
P02495,P00003,0.0,1
P02496,P00003,0.0,1
P02497,P00003,0.0,1
P02498,P00003,0.0,1
P02499,P00003,0.0,1
P02500,P00003,0.0,1
P02501,P00003,0.0,1
P02504,P00003,0.0,1
P02509,P00003,0.0,1
P02510,P00003,0.0,1
P02513,P00003,0.0,1
P02515,P00003,0.0,1
P02516,P02850,0.7071067811865475,1
P02518,P00003,0.0,1
P02519,P00003,0.0,1
P02521,P03760,0.5773502691896258,1
P02524,P00003,0.0,1
P02526,P00003,0.0,1
P02527,P00003,0.0,1
P02530,P00003,0.0,1
P02532,P00003,0.0,1
P02534,P00362,0.6666666666666669,1
P02537,P01043,0.4999999999999999,1
P02538,P03978,1.0,1
P02539,P00003,0.0,1
P02540,P00003,0.0,1
P02544,P00003,0.0,1
P02545,P00003,0.0,1
P02548,P00003,0.0,1
P02549,P00003,0.0,1
P02551,P01114,0.408248290463863,1
P02552,P00003,0.0,1
P02554,P03001,0.7071067811865475,1
P02556,P00003,0.0,1
P02558,P01358,0.5773502691896258,1
P02561,P00003,0.0,1
P02573,P03121,0.7071067811865475,1
P02574,P00003,0.0,1
P02575,P00003,0.0,1
P02576,P00003,0.0,1
P02579,P00003,0.0,1
P02581,P00309,0.35355339059327373,1
P02582,P00003,0.0,1
P02586,P00772,0.4999999999999999,1
P02588,P00003,0.0,1
P02589,P00417,1.0,1
P02590,P00003,0.0,1
P02591,P00003,0.0,1
P02592,P04002,0.7071067811865475,1
P02593,P00003,0.0,1
P02595,P00003,0.0,1
P02596,P03073,0.7071067811865475,1
P02599,P01188,0.7071067811865475,1
P02600,P00003,0.0,1
P02601,P00003,0.0,1
P02603,P00003,0.0,1
P02604,P00003,0.0,1
P02606,P00696,0.4999999999999999,1
P02607,P00003,0.0,1
P02608,P00003,0.0,1
P02609,P00003,0.0,1
P02612,P00558,0.4999999999999999,1
P02616,P00306,0.7071067811865475,1
P02617,P00610,0.4999999999999999,1
P02619,P01557,0.7071067811865475,1
P02620,P00003,0.0,1
P02621,P04221,0.408248290463863,1
P02628,P04596,1.0,1
P02630,P00003,0.0,1
P02633,P01221,0.5773502691896258,1
P02636,P00003,0.0,1
P02638,P00003,0.0,1
P02640,P00003,0.0,1
P02643,P00003,0.0,1
P02645,P00003,0.0,1
P02646,P00003,0.0,1
P02648,P00003,0.0,1
P02649,P00003,0.0,1
P02650,P00003,0.0,1
P02651,P00003,0.0,1
P02652,P00063,0.408248290463863,1
P02653,P01443,1.0,1
P02654,P00003,0.0,1
P02656,P00003,0.0,1
P02660,P00003,0.0,1
P02661,P00003,0.0,1
P02667,P00003,0.0,1
P02670,P00608,0.7071067811865475,1
P02671,P00003,0.0,1
P02672,P00003,0.0,1
P02678,P00003,0.0,1
P02679,P00003,0.0,1
P02681,P00003,0.0,1
P02682,P00003,0.0,1
P02683,P00003,0.0,1
P02684,P03265,1.0,1
P02687,P00003,0.0,1
P02688,P04201,0.7071067811865475,1
P02689,P02157,1.0,1
P02690,P00003,0.0,1
P02691,P00003,0.0,1
P02694,P00003,0.0,1
P02699,P00003,0.0,1
P02701,P00003,0.0,1
P02704,P02826,1.0,1
P02705,P00003,0.0,1
P02706,P01586,0.7071067811865475,1
P02713,P00003,0.0,1
P02714,P00003,0.0,1
P02715,P00003,0.0,1
P02716,P00003,0.0,1
P02719,P04580,0.5163977794943223,1
P02721,P00003,0.0,1
P02722,P00003,0.0,1
P02723,P01140,0.7071067811865475,1
P02727,P00003,0.0,1
P02728,P00003,0.0,1
P02732,P00558,0.4999999999999999,1
P02733,P00003,0.0,1
P02737,P00003,0.0,1
P02739,P00003,0.0,1
P02740,P00053,0.7999999999999999,1
P02746,P00003,0.0,1
P02747,P00003,0.0,1
P02748,P00003,0.0,1
P02749,P00003,0.0,1
P02755,P00003,0.0,1
P02756,P00003,0.0,1
P02759,P00003,0.0,1
P02763,P01296,0.5773502691896258,1
P02771,P01272,1.0,1
P02774,P00003,0.0,1
P02775,P02997,0.408248290463863,1
P02776,P03645,0.4999999999999999,1
P02777,P00003,0.0,1
P02782,P00003,0.0,1
P02786,P00003,0.0,1
P02787,P00003,0.0,1
P02788,P03487,1.0,1
P02789,P00003,0.0,1
P02790,P00003,0.0,1
P02791,P00003,0.0,1
P02793,P00003,0.0,1
P02795,P02955,1.0,1
P02796,P02997,0.7071067811865475,1
P02802,P00344,1.0,1
P02803,P02883,0.5773502691896258,1
P02804,P00003,0.0,1
P02806,P00003,0.0,1
P02807,P00003,0.0,1
P02810,P00003,0.0,1
P02811,P00003,0.0,1
P02812,P01313,0.7071067811865475,1
P02813,P00003,0.0,1
P02814,P00003,0.0,1
P02815,P00003,0.0,1
P02817,P03702,0.4999999999999999,1
P02821,P00003,0.0,1
P02825,P01296,0.4714045207910318,1
P02826,P02704,1.0,1
P02830,P00003,0.0,1
P02833,P00003,0.0,1
P02835,P00003,0.0,1
P02836,P00003,0.0,1
P02839,P00003,0.0,1
P02841,P00003,0.0,1
P02843,P00003,0.0,1
P02844,P03096,0.4999999999999999,1
P02846,P01734,1.0,1
P02847,P00361,0.7071067811865475,1
P02850,P02516,0.7071067811865475,1
P02853,P02228,0.4999999999999999,1
P02854,P03256,0.6666666666666669,1
P02855,P04025,0.5773502691896258,1
P02856,P00003,0.0,1
P02860,P00095,0.4999999999999999,1
P02861,P03111,0.4999999999999999,1
P02862,P01840,1.0,1
P02863,P04769,0.7071067811865475,1
P02864,P00003,0.0,1
P02866,P01666,0.4999999999999999,1
P02868,P00003,0.0,1
P02872,P00003,0.0,1
P02873,P03821,0.408248290463863,1
P02875,P02135,0.7071067811865475,1
P02880,P01918,0.4999999999999999,1
P02881,P01204,1.0,1
P02883,P04606,1.0,1
P02884,P00003,0.0,1
P02885,P00003,0.0,1
P02886,P00003,0.0,1
P02888,P00003,0.0,1
P02889,P00003,0.0,1
P02890,P01088,1.0,1
P02892,P00025,0.35355339059327373,1
P02893,P00136,1.0,1
P02906,P00841,0.408248290463863,1
P02907,P00003,0.0,1
P02912,P03109,1.0,1
P02913,P00003,0.0,1
P02914,P00003,0.0,1
P02922,P00788,0.4999999999999999,1
P02924,P00003,0.0,1
P02925,P00003,0.0,1
P02930,P00003,0.0,1
P02932,P00003,0.0,1
P02938,P00003,0.0,1
P02941,P00003,0.0,1
P02942,P00003,0.0,1
P02944,P00003,0.0,1
P02950,P00003,0.0,1
P02954,P00003,0.0,1
P02955,P02795,1.0,1
P02956,P00159,1.0,1
P02957,P00003,0.0,1
P02961,P00003,0.0,1
P02964,P00003,0.0,1
P02968,P00040,0.4999999999999999,1
P02973,P00003,0.0,1
P02975,P00003,0.0,1
P02976,P00003,0.0,1
P02977,P00003,0.0,1
P02978,P00003,0.0,1
P02980,P00035,0.7071067811865475,1
P02981,P01193,0.408248290463863,1
P02982,P00003,0.0,1
P02984,P00003,0.0,1
P02985,P03486,0.4999999999999999,1
P02987,P01660,0.4999999999999999,1
P02988,P00003,0.0,1
P02989,P00003,0.0,1
P02990,P01887,1.0,1
P02993,P00003,0.0,1
P02994,P00003,0.0,1
P02997,P02796,0.7071067811865475,1
P02998,P04965,0.7071067811865475,1
P02999,P00003,0.0,1
P03001,P02554,0.7071067811865475,1
P03003,P00003,0.0,1
P03006,P00003,0.0,1
P03009,P00003,0.0,1
P03013,P02112,0.7071067811865475,1
P03014,P03563,1.0,1
P03017,P00003,0.0,1
P03018,P00003,0.0,1
P03020,P01028,0.4999999999999999,1
P03021,P01595,0.4999999999999999,1
P03023,P00003,0.0,1
P03024,P00003,0.0,1
P03025,P00003,0.0,1
P03026,P00003,0.0,1
P03027,P00721,0.7071067811865475,1
P03028,P00003,0.0,1
P03032,P00003,0.0,1
P03033,P00003,0.0,1
P03035,P00003,0.0,1
P03037,P00003,0.0,1
P03042,P00003,0.0,1
P03051,P00003,0.0,1
P03052,P04780,0.7071067811865475,1
P03054,P00003,0.0,1
P03056,P01051,0.408248290463863,1
P03058,P00003,0.0,1
P03060,P01172,0.4999999999999999,1
P03062,P00003,0.0,1
P03064,P00003,0.0,1
P03065,P00003,0.0,1
P03066,P00003,0.0,1
P03070,P00003,0.0,1
P03073,P02596,0.7071067811865475,1
P03074,P00023,0.4999999999999999,1
P03075,P01443,1.0,1
P03076,P00003,0.0,1
P03078,P00003,0.0,1
P03079,P00003,0.0,1
P03082,P00003,0.0,1
P03084,P00003,0.0,1
P03086,P00003,0.0,1
P03087,P00003,0.0,1
P03088,P01504,0.7071067811865475,1
P03089,P03176,0.7071067811865475,1
P03090,P00356,0.7071067811865475,1
P03091,P00003,0.0,1
P03093,P02103,0.5773502691896258,1
P03096,P02844,0.4999999999999999,1
P03097,P00724,0.4999999999999999,1
P03100,P00003,0.0,1
P03102,P01595,0.4999999999999999,1
P03103,P00003,0.0,1
P03105,P00003,0.0,1
P03107,P00003,0.0,1
P03109,P02912,1.0,1
P03111,P02861,0.4999999999999999,1
P03112,P03935,1.0,1
P03114,P00003,0.0,1
P03118,P00003,0.0,1
P03119,P00003,0.0,1
P03120,P00003,0.0,1
P03121,P02573,0.7071067811865475,1
P03124,P00520,0.7071067811865475,1
P03126,P00003,0.0,1
P03127,P00003,0.0,1
P03128,P00003,0.0,1
P03133,P00003,0.0,1
P03134,P00003,0.0,1
P03137,P00051,0.5163977794943223,1
P03140,P00003,0.0,1
P03141,P00003,0.0,1
P03142,P00003,0.0,1
P03145,P01490,0.6666666666666669,1
P03148,P02228,0.408248290463863,1
P03151,P00003,0.0,1
P03156,P00003,0.0,1
P03159,P01240,1.0,1
P03160,P00003,0.0,1
P03164,P00003,0.0,1
P03165,P00003,0.0,1
P03167,P00053,0.7999999999999999,1
P03169,P03360,0.7071067811865475,1
P03171,P00320,1.0,1
P03176,P04066,1.0,1
P03178,P00003,0.0,1
P03182,P00003,0.0,1
P03183,P00003,0.0,1
P03185,P00003,0.0,1
P03186,P00003,0.0,1
P03189,P02384,0.7071067811865475,1
P03190,P00003,0.0,1
P03192,P00003,0.0,1
P03193,P00847,0.7071067811865475,1
P03194,P00003,0.0,1
P03195,P04756,1.0,1
P03199,P00003,0.0,1
P03203,P00003,0.0,1
P03204,P00003,0.0,1
P03205,P00003,0.0,1
P03207,P01776,1.0,1
P03208,P00003,0.0,1
P03211,P00003,0.0,1
P03212,P01188,0.408248290463863,1
P03213,P00137,0.7071067811865475,1
P03218,P00003,0.0,1
P03220,P02315,1.0,1
P03222,P00003,0.0,1
P03224,P00003,0.0,1
P03231,P00003,0.0,1
P03237,P00003,0.0,1
P03245,P00003,0.0,1
P03246,P00172,1.0,1
P03247,P00003,0.0,1
P03248,P01098,0.5773502691896258,1
P03249,P00003,0.0,1
P03251,P02796,0.7071067811865475,1
P03254,P00003,0.0,1
P03256,P02854,0.6666666666666669,1
P03260,P00003,0.0,1
P03261,P00003,0.0,1
P03262,P01175,0.4999999999999999,1
P03264,P03655,0.4999999999999999,1
P03265,P02684,1.0,1
P03268,P00003,0.0,1
P03269,P01505,1.0,1
P03270,P00003,0.0,1
P03274,P04844,0.4472135954999579,1
P03276,P04580,0.5773502691896258,1
P03279,P00003,0.0,1
P03280,P02573,0.5,1
P03282,P00003,0.0,1
P03283,P00003,0.0,1
P03284,P00003,0.0,1
P03288,P01391,0.408248290463863,1
P03290,P00003,0.0,1
P03293,P00003,0.0,1
P03297,P00003,0.0,1
P03299,P00003,0.0,1
P03300,P00767,0.408248290463863,1
P03303,P01644,0.6666666666666669,1
P03304,P00519,0.4999999999999999,1
P03305,P02339,1.0,1
P03309,P01221,0.5773502691896258,1
P03310,P00003,0.0,1
P03311,P00003,0.0,1
P03312,P00003,0.0,1
P03313,P00003,0.0,1
P03315,P00003,0.0,1
P03316,P00003,0.0,1
P03320,P02296,1.0,1
P03323,P00114,0.4999999999999999,1
P03328,P00003,0.0,1
P03330,P00003,0.0,1
P03332,P00003,0.0,1
P03333,P00003,0.0,1
P03335,P00003,0.0,1
P03338,P00003,0.0,1
P03339,P00003,0.0,1
P03341,P00466,0.4999999999999999,1
P03346,P01272,1.0,1
P03347,P03615,1.0,1
P03351,P00003,0.0,1
P03352,P01837,0.4999999999999999,1
P03356,P00003,0.0,1
P03360,P03169,0.7071067811865475,1
P03362,P00610,0.4999999999999999,1
P03363,P00003,0.0,1
P03364,P00003,0.0,1
P03365,P00003,0.0,1
P03367,P00003,0.0,1
P03370,P03731,1.0,1
P03371,P00003,0.0,1
P03375,P00003,0.0,1
P03378,P00003,0.0,1
P03379,P03833,0.5773502691896258,1
P03380,P00756,0.5773502691896258,1
P03381,P00003,0.0,1
P03382,P00003,0.0,1
P03383,P00003,0.0,1
P03384,P00003,0.0,1
P03387,P00003,0.0,1
P03388,P00003,0.0,1
P03390,P00003,0.0,1
P03396,P00003,0.0,1
P03401,P00003,0.0,1
P03402,P00003,0.0,1
P03403,P00003,0.0,1
P03405,P00003,0.0,1
P03407,P00003,0.0,1
P03409,P00003,0.0,1
P03411,P00003,0.0,1
P03412,P00003,0.0,1
P03413,P00003,0.0,1
P03414,P00003,0.0,1
P03416,P00003,0.0,1
P03422,P00003,0.0,1
P03423,P00003,0.0,1
P03424,P00003,0.0,1
P03425,P00003,0.0,1
P03428,P00003,0.0,1
P03433,P00003,0.0,1
P03434,P01024,0.7071067811865475,1
P03435,P00003,0.0,1
P03436,P00003,0.0,1
P03437,P00003,0.0,1
P03440,P00003,0.0,1
P03441,P00003,0.0,1
P03442,P01114,0.7071067811865475,1
P03443,P00003,0.0,1
P03446,P00003,0.0,1
P03447,P00003,0.0,1
P03449,P00003,0.0,1
P03454,P00003,0.0,1
P03456,P00003,0.0,1
P03457,P00003,0.0,1
P03458,P02447,0.5,1
P03459,P00003,0.0,1
P03460,P00003,0.0,1
P03461,P00003,0.0,1
P03463,P00003,0.0,1
P03464,P00003,0.0,1
P03467,P00003,0.0,1
P03469,P01073,0.7071067811865475,1
P03470,P00003,0.0,1
P03471,P00526,0.4999999999999999,1
P03473,P00003,0.0,1
P03476,P00003,0.0,1
P03478,P01037,0.4999999999999999,1
P03479,P00003,0.0,1
P03480,P00003,0.0,1
P03481,P00003,0.0,1
P03484,P00003,0.0,1
P03485,P00003,0.0,1
P03486,P02985,0.4999999999999999,1
P03487,P02788,1.0,1
P03490,P01112,1.0,1
P03492,P00003,0.0,1
P03493,P00003,0.0,1
P03494,P00003,0.0,1
P03498,P01507,0.6666666666666669,1
P03503,P00003,0.0,1
P03506,P00362,0.4714045207910318,1
P03510,P00003,0.0,1
P03511,P00003,0.0,1
P03512,P02516,0.408248290463863,1
P03513,P00108,1.0,1
P03516,P00003,0.0,1
P03517,P00003,0.0,1
P03522,P00003,0.0,1
P03524,P00003,0.0,1
P03526,P00003,0.0,1
P03528,P00003,0.0,1
P03529,P04070,0.7071067811865475,1
P03530,P00895,1.0,1
P03531,P04550,0.7071067811865475,1
P03532,P00003,0.0,1
P03535,P00003,0.0,1
P03536,P03666,0.4999999999999999,1
P03539,P04089,0.4999999999999999,1
P03540,P02844,0.4999999999999999,1
P03541,P00003,0.0,1
P03545,P01293,0.4999999999999999,1
P03547,P02458,0.7071067811865475,1
P03548,P00003,0.0,1
P03549,P00003,0.0,1
P03551,P00003,0.0,1
P03552,P00003,0.0,1
P03553,P00003,0.0,1
P03554,P00306,0.7071067811865475,1
P03555,P04523,1.0,1
P03556,P02375,0.4999999999999999,1
P03557,P00003,0.0,1
P03558,P00003,0.0,1
P03560,P04801,0.7071067811865475,1
P03561,P00233,0.6666666666666669,1
P03563,P03014,1.0,1
P03564,P00429,0.5,1
P03568,P00438,0.4999999999999999,1
P03570,P00003,0.0,1
P03571,P00003,0.0,1
P03572,P00003,0.0,1
P03576,P00003,0.0,1
P03579,P00003,0.0,1
P03580,P00003,0.0,1
P03583,P02433,0.75,1
P03584,P00003,0.0,1
P03585,P00003,0.0,1
P03590,P00003,0.0,1
P03591,P00003,0.0,1
P03592,P00003,0.0,1
P03596,P00003,0.0,1
P03597,P00778,0.5773502691896258,1
P03598,P01431,0.5773502691896258,1
P03600,P00003,0.0,1
P03601,P00003,0.0,1
P03602,P00003,0.0,1
P03603,P00071,0.7071067811865475,1
P03605,P00003,0.0,1
P03606,P00003,0.0,1
P03607,P03609,0.5773502691896258,1
P03609,P01082,0.5773502691896258,1
P03612,P00003,0.0,1
P03614,P00003,0.0,1
P03615,P03347,1.0,1
P03617,P00003,0.0,1
P03622,P00003,0.0,1
P03624,P00914,0.408248290463863,1
P03625,P00003,0.0,1
P03627,P00003,0.0,1
P03629,P02433,0.75,1
P03630,P01299,0.5,1
P03633,P00003,0.0,1
P03634,P00429,0.75,1
P03636,P00003,0.0,1
P03639,P01048,0.5773502691896258,1
P03641,P01521,0.5773502691896258,1
P03642,P00003,0.0,1
P03643,P00003,0.0,1
P03645,P02776,0.4999999999999999,1
P03647,P00003,0.0,1
P03648,P00003,0.0,1
P03652,P00003,0.0,1
P03655,P03264,0.4999999999999999,1
P03656,P01702,0.4999999999999999,1
P03657,P00003,0.0,1
P03658,P00003,0.0,1
P03659,P00003,0.0,1
P03661,P00003,0.0,1
P03662,P04519,0.7071067811865475,1
P03664,P00003,0.0,1
P03666,P03536,0.4999999999999999,1
P03669,P00003,0.0,1
P03670,P01254,0.5,1
P03673,P00869,1.0,1
P03677,P00003,0.0,1
P03678,P00003,0.0,1
P03680,P00003,0.0,1
P03681,P00003,0.0,1
P03682,P00003,0.0,1
P03683,P01753,0.4999999999999999,1
P03685,P00003,0.0,1
P03688,P01175,0.4999999999999999,1
P03691,P00003,0.0,1
P03693,P00021,0.5773502691896258,1
P03699,P00003,0.0,1
P03701,P01221,0.5773502691896258,1
P03702,P02817,0.4999999999999999,1
P03705,P00003,0.0,1
P03709,P00003,0.0,1
P03712,P00003,0.0,1
P03713,P00491,0.7071067811865475,1
P03716,P01336,1.0,1
P03717,P00003,0.0,1
P03718,P00003,0.0,1
P03721,P00003,0.0,1
P03726,P00721,0.5773502691896258,1
P03728,P00724,0.4999999999999999,1
P03729,P00034,0.4999999999999999,1
P03731,P03370,1.0,1
P03732,P00003,0.0,1
P03733,P01495,0.4999999999999999,1
P03734,P00003,0.0,1
P03735,P01469,0.6666666666666669,1
P03738,P00003,0.0,1
P03739,P00003,0.0,1
P03740,P00520,0.7071067811865475,1
P03741,P00003,0.0,1
P03742,P04182,0.5773502691896258,1
P03745,P00003,0.0,1
P03749,P00003,0.0,1
P03750,P00003,0.0,1
P03751,P00003,0.0,1
P03752,P00003,0.0,1
P03753,P00003,0.0,1
P03754,P00003,0.0,1
P03758,P00003,0.0,1
P03760,P00972,0.7071067811865475,1
P03761,P01886,0.6666666666666669,1
P03764,P00003,0.0,1
P03770,P01019,0.4999999999999999,1
P03771,P00003,0.0,1
P03774,P00003,0.0,1
P03775,P00003,0.0,1
P03778,P00003,0.0,1
P03780,P00003,0.0,1
P03783,P01328,1.0,1
P03784,P04323,0.4999999999999999,1
P03787,P00003,0.0,1
P03788,P00003,0.0,1
P03789,P00003,0.0,1
P03790,P00021,0.408248290463863,1
P03791,P00003,0.0,1
P03792,P00003,0.0,1
P03797,P00003,0.0,1
P03801,P00003,0.0,1
P03803,P00003,0.0,1
P03804,P00003,0.0,1
P03806,P00003,0.0,1
P03808,P00003,0.0,1
P03813,P03991,0.7071067811865475,1
P03820,P00045,0.7071067811865475,1
P03821,P04438,0.7071067811865475,1
P03824,P00003,0.0,1
P03825,P00003,0.0,1
P03827,P00415,0.6666666666666669,1
P03828,P00003,0.0,1
P03831,P00003,0.0,1
P03833,P03379,0.5773502691896258,1
P03836,P00003,0.0,1
P03838,P01490,0.6666666666666669,1
P03842,P00003,0.0,1
P03845,P00003,0.0,1
P03846,P00003,0.0,1
P03847,P00003,0.0,1
P03850,P00003,0.0,1
P03851,P00003,0.0,1
P03852,P00003,0.0,1
P03855,P01573,0.4999999999999999,1
P03857,P00003,0.0,1
P03858,P00003,0.0,1
P03859,P00003,0.0,1
P03861,P00003,0.0,1
P03864,P00003,0.0,1
P03868,P00003,0.0,1
P03869,P00003,0.0,1
P03871,P00526,0.4999999999999999,1
P03873,P00003,0.0,1
P03876,P04520,1.0,1
P03880,P00003,0.0,1
P03883,P02817,0.4999999999999999,1
P03884,P00003,0.0,1
P03885,P00003,0.0,1
P03887,P00003,0.0,1
P03891,P00003,0.0,1
P03892,P00003,0.0,1
P03895,P00003,0.0,1
P03896,P00053,0.7999999999999999,1
P03901,P02854,0.6666666666666669,1
P03903,P02179,0.408248290463863,1
P03905,P00778,0.6666666666666669,1
P03906,P03193,0.5773502691896258,1
P03909,P03713,0.7071067811865475,1
P03910,P00003,0.0,1
P03911,P00003,0.0,1
P03914,P00003,0.0,1
P03916,P00003,0.0,1
P03919,P00003,0.0,1
P03922,P00003,0.0,1
P03923,P00003,0.0,1
P03924,P02596,0.408248290463863,1
P03925,P00003,0.0,1
P03926,P00003,0.0,1
P03929,P00003,0.0,1
P03933,P00003,0.0,1
P03935,P03112,1.0,1
P03940,P00003,0.0,1
P03941,P04580,0.5773502691896258,1
P03950,P00003,0.0,1
P03952,P00003,0.0,1
P03954,P00003,0.0,1
P03960,P00003,0.0,1
P03961,P00003,0.0,1
P03962,P00003,0.0,1
P03964,P00003,0.0,1
P03967,P00003,0.0,1
P03970,P00003,0.0,1
P03973,P00003,0.0,1
P03977,P01037,0.4999999999999999,1
P03978,P02538,1.0,1
P03980,P00003,0.0,1
P03981,P00003,0.0,1
P03982,P00003,0.0,1
P03983,P00003,0.0,1
P03984,P00003,0.0,1
P03986,P00003,0.0,1
P03989,P00003,0.0,1
P03991,P03813,0.7071067811865475,1
P03992,P00003,0.0,1
P03994,P00003,0.0,1
P03995,P00003,0.0,1
P03996,P00003,0.0,1
P03998,P04580,0.5773502691896258,1
P03999,P00003,0.0,1
P04002,P00664,0.7071067811865475,1
P04005,P01521,0.6666666666666669,1
P04006,P01233,0.4999999999999999,1
P04008,P00003,0.0,1
P04009,P00003,0.0,1
P04011,P00003,0.0,1
P04014,P00003,0.0,1
P04017,P00003,0.0,1
P04019,P00003,0.0,1
P04021,P00003,0.0,1
P04023,P04438,0.7071067811865475,1
P04025,P02855,0.5773502691896258,1
P04026,P00914,0.7071067811865475,1
P04029,P00700,0.5,1
P04030,P00003,0.0,1
P04034,P00003,0.0,1
P04035,P00003,0.0,1
P04036,P00003,0.0,1
P04037,P00003,0.0,1
P04041,P00003,0.0,1
P04044,P00003,0.0,1
P04047,P00003,0.0,1
P04050,P00003,0.0,1
P04054,P00003,0.0,1
P04057,P00336,0.4999999999999999,1
P04058,P02004,0.4999999999999999,1
P04059,P00003,0.0,1
P04061,P00003,0.0,1
P04062,P00003,0.0,1
P04063,P01507,0.6666666666666669,1
P04066,P03176,1.0,1
P04070,P03529,0.7071067811865475,1
P04071,P00003,0.0,1
P04075,P00003,0.0,1
P04078,P00003,0.0,1
P04080,P00003,0.0,1
P04083,P00003,0.0,1
P04086,P00003,0.0,1
P04088,P00003,0.0,1
P04089,P03539,0.4999999999999999,1
P04090,P00003,0.0,1
P04093,P01881,0.6666666666666669,1
P04094,P00003,0.0,1
P04096,P04559,0.7071067811865475,1
P04098,P01490,0.6666666666666669,1
P04104,P00003,0.0,1
P04105,P00003,0.0,1
P04108,P00003,0.0,1
P04112,P00003,0.0,1
P04114,P00003,0.0,1
P04118,P00179,0.408248290463863,1
P04119,P00003,0.0,1
P04120,P04339,0.7071067811865475,1
P04121,P00003,0.0,1
P04122,P00003,0.0,1
P04123,P00233,0.6666666666666669,1
P04124,P00053,0.7999999999999999,1
P04130,P02004,0.4999999999999999,1
P04131,P00003,0.0,1
P04132,P00003,0.0,1
P04135,P00003,0.0,1
P04141,P00003,0.0,1
P04143,P00003,0.0,1
P04145,P04070,0.7071067811865475,1
P04149,P00081,1.0,1
P04155,P01425,0.7071067811865475,1
P04156,P00003,0.0,1
P04157,P01467,1.0,1
P04160,P00949,0.4999999999999999,1
P04170,P00003,0.0,1
P04182,P03027,0.7071067811865475,1
P04184,P02521,0.5773502691896258,1
P04185,P00003,0.0,1
P04188,P01076,0.4999999999999999,1
P04190,P00003,0.0,1
P04193,P00003,0.0,1
P04196,P00003,0.0,1
P04197,P00003,0.0,1
P04199,P00003,0.0,1
P04200,P00003,0.0,1
P04201,P02688,0.7071067811865475,1
P04202,P00003,0.0,1
P04203,P00003,0.0,1
P04204,P01758,1.0,1
P04205,P00003,0.0,1
P04206,P00003,0.0,1
P04210,P00003,0.0,1
P04213,P04686,0.5773502691896258,1
P04214,P00003,0.0,1
P04217,P00003,0.0,1
P04221,P04780,0.4999999999999999,1
P04222,P00392,0.7071067811865475,1
P04224,P00003,0.0,1
P04226,P00003,0.0,1
P04227,P00003,0.0,1
P04228,P00003,0.0,1
P04229,P00003,0.0,1
P04230,P00003,0.0,1
P04234,P00003,0.0,1
P04236,P00003,0.0,1
P04237,P00003,0.0,1
P04239,P04254,0.4999999999999999,1
P04243,P00003,0.0,1
P04245,P01893,0.5163977794943223,1
P04246,P00003,0.0,1
P04247,P00003,0.0,1
P04248,P01293,0.4999999999999999,1
P04254,P01259,0.4999999999999999,1
P04256,P00003,0.0,1
P04260,P00003,0.0,1
P04264,P00003,0.0,1
P04266,P01224,0.4999999999999999,1
P04268,P00003,0.0,1
P04269,P03189,0.7071067811865475,1
P04270,P00003,0.0,1
P04272,P02213,0.408248290463863,1
P04273,P00645,1.0,1
P04277,P00003,0.0,1
P04279,P00003,0.0,1
P04283,P01422,0.4999999999999999,1
P04286,P00402,1.0,1
P04288,P00003,0.0,1
P04290,P00003,0.0,1
P04292,P00003,0.0,1
P04295,P00003,0.0,1
P04297,P00003,0.0,1
P04302,P04494,0.4999999999999999,1
P04303,P01881,0.6666666666666669,1
P04304,P00003,0.0,1
P04305,P00003,0.0,1
P04310,P00003,0.0,1
P04311,P00003,0.0,1
P04320,P00003,0.0,1
P04321,P02433,0.75,1
P04323,P03784,0.4999999999999999,1
P04324,P00003,0.0,1
P04325,P03560,0.5,1
P04327,P00003,0.0,1
P04330,P01304,0.7071067811865475,1
P04332,P00003,0.0,1
P04333,P00003,0.0,1
P04335,P00003,0.0,1
P04338,P01076,0.4999999999999999,1
P04339,P00841,0.7071067811865475,1
P04341,P00003,0.0,1
P04342,P00003,0.0,1
P04343,P00003,0.0,1
P04348,P00003,0.0,1
P04349,P00003,0.0,1
P04352,P00003,0.0,1
P04353,P02795,1.0,1
P04356,P00003,0.0,1
P04360,P00003,0.0,1
P04361,P00003,0.0,1
P04367,P00003,0.0,1
P04370,P00003,0.0,1
P04371,P00914,0.408248290463863,1
P04372,P00003,0.0,1
P04376,P02985,0.4999999999999999,1
P04381,P04566,0.7071067811865475,1
P04382,P01669,0.4999999999999999,1
P04384,P02062,0.7071067811865475,1
P04387,P00003,0.0,1
P04389,P00003,0.0,1
P04390,P02861,0.4999999999999999,1
P04392,P00003,0.0,1
P04393,P00003,0.0,1
P04396,P00003,0.0,1
P04397,P00003,0.0,1
P04399,P02447,0.7071067811865475,1
P04400,P00003,0.0,1
P04402,P00003,0.0,1
P04407,P00003,0.0,1
P04409,P00003,0.0,1
P04410,P00003,0.0,1
P04414,P00003,0.0,1
P04415,P01047,1.0,1
P04419,P00003,0.0,1
P04420,P00003,0.0,1
P04421,P01353,0.7071067811865475,1
P04424,P00003,0.0,1
P04425,P00559,0.4999999999999999,1
P04426,P01025,0.4999999999999999,1
P04428,P00003,0.0,1
P04431,P00003,0.0,1
P04432,P00003,0.0,1
P04434,P00003,0.0,1
P04436,P00003,0.0,1
P04437,P00003,0.0,1
P04438,P03821,0.7071067811865475,1
P04439,P00003,0.0,1
P04440,P00003,0.0,1
P04442,P00003,0.0,1
P04446,P00003,0.0,1
P04457,P00003,0.0,1
P04458,P00025,0.4999999999999999,1
P04461,P00003,0.0,1
P04464,P00003,0.0,1
P04467,P00003,0.0,1
P04471,P00003,0.0,1
P04472,P00003,0.0,1
P04474,P00003,0.0,1
P04478,P00003,0.0,1
P04479,P00682,0.4999999999999999,1
P04481,P00003,0.0,1
P04482,P00003,0.0,1
P04483,P00003,0.0,1
P04484,P00003,0.0,1
P04487,P00003,0.0,1
P04488,P01296,0.5163977794943223,1
P04489,P00003,0.0,1
P04491,P00003,0.0,1
P04493,P01172,0.4999999999999999,1
P04494,P02077,0.7071067811865475,1
P04495,P00003,0.0,1
P04496,P00003,0.0,1
P04497,P04636,0.5773502691896258,1
P04502,P00003,0.0,1
P04503,P00003,0.0,1
P04505,P00003,0.0,1
P04506,P00003,0.0,1
P04507,P00003,0.0,1
P04509,P00003,0.0,1
P04510,P00003,0.0,1
P04511,P04976,0.4999999999999999,1
P04514,P00123,0.35355339059327373,1
P04516,P00003,0.0,1
P04518,P00003,0.0,1
P04519,P00063,0.7071067811865475,1
P04520,P03876,1.0,1
P04523,P03555,1.0,1
P04524,P01837,0.4999999999999999,1
P04527,P00003,0.0,1
P04528,P00003,0.0,1
P04529,P03264,0.4999999999999999,1
P04530,P00003,0.0,1
P04532,P00003,0.0,1
P04536,P00003,0.0,1
P04537,P01185,0.5773502691896258,1
P04538,P00003,0.0,1
P04542,P00003,0.0,1
P04548,P00003,0.0,1
P04549,P00003,0.0,1
P04550,P03531,0.7071067811865475,1
P04552,P00003,0.0,1
P04554,P00003,0.0,1
P04558,P00314,0.4999999999999999,1
P04559,P04096,0.7071067811865475,1
P04560,P00003,0.0,1
P04562,P00003,0.0,1
P04565,P00003,0.0,1
P04566,P02431,0.7071067811865475,1
P04570,P00003,0.0,1
P04571,P00003,0.0,1
P04572,P00003,0.0,1
P04573,P00003,0.0,1
P04574,P01028,0.4999999999999999,1
P04575,P00812,0.35355339059327373,1
P04578,P00003,0.0,1
P04580,P01202,0.5773502691896258,1
P04581,P00003,0.0,1
P04583,P00003,0.0,1
P04587,P00003,0.0,1
P04588,P00003,0.0,1
P04590,P00003,0.0,1
P04593,P00003,0.0,1
P04595,P01717,0.7071067811865475,1
P04596,P02628,1.0,1
P04597,P01233,0.7071067811865475,1
P04600,P02706,0.5773502691896258,1
P04601,P00003,0.0,1
P04602,P01521,0.5773502691896258,1
P04605,P00003,0.0,1
P04606,P02883,1.0,1
P04608,P00003,0.0,1
P04609,P00003,0.0,1
P04610,P00003,0.0,1
P04612,P00003,0.0,1
P04615,P01504,0.7071067811865475,1
P04621,P00003,0.0,1
P04630,P00003,0.0,1
P04632,P01893,0.6666666666666669,1
P04635,P00003,0.0,1
P04636,P04497,0.5773502691896258,1
P04637,P00003,0.0,1
P04639,P02077,1.0,1
P04641,P00003,0.0,1
P04649,P04155,0.5773502691896258,1
P04654,P00003,0.0,1
P04659,P00003,0.0,1
P04661,P00405,0.4999999999999999,1
P04664,P01425,0.408248290463863,1
P04666,P01881,0.6666666666666669,1
P04669,P01212,0.5,1
P04673,P00003,0.0,1
P04674,P00003,0.0,1
P04675,P02706,0.7071067811865475,1
P04676,P00003,0.0,1
P04680,P00003,0.0,1
P04682,P00003,0.0,1
P04683,P00003,0.0,1
P04685,P00003,0.0,1
P04686,P04213,0.5773502691896258,1
P04688,P00071,0.7071067811865475,1
P04690,P00003,0.0,1
P04691,P01684,1.0,1
P04692,P01106,0.4999999999999999,1
P04695,P00003,0.0,1
P04696,P00003,0.0,1
P04698,P00003,0.0,1
P04699,P00003,0.0,1
P04701,P03169,0.7071067811865475,1
P04703,P00003,0.0,1
P04704,P00003,0.0,1
P04706,P01221,0.6666666666666669,1
P04708,P01410,0.4999999999999999,1
P04710,P00003,0.0,1
P04712,P00003,0.0,1
P04714,P00003,0.0,1
P04715,P00003,0.0,1
P04718,P00003,0.0,1
P04724,P00003,0.0,1
P04725,P00003,0.0,1
P04729,P00003,0.0,1
P04730,P00003,0.0,1
P04731,P00615,0.4714045207910318,1
P04732,P00578,0.7071067811865475,1
P04733,P00003,0.0,1
P04737,P00003,0.0,1
P04742,P00559,0.4999999999999999,1
P04743,P00003,0.0,1
P04745,P00700,0.7071067811865475,1
P04747,P00003,0.0,1
P04749,P00003,0.0,1
P04750,P00003,0.0,1
P04754,P00003,0.0,1
P04755,P00003,0.0,1
P04756,P03195,1.0,1
P04766,P00003,0.0,1
P04769,P02176,0.7071067811865475,1
P04770,P02145,0.5773502691896258,1
P04771,P00003,0.0,1
P04772,P02776,0.4999999999999999,1
P04776,P00003,0.0,1
P04777,P00003,0.0,1
P04778,P00003,0.0,1
P04780,P03052,0.7071067811865475,1
P04781,P00003,0.0,1
P04782,P01376,1.0,1
P04783,P00003,0.0,1
P04784,P00003,0.0,1
P04787,P00003,0.0,1
P04789,P00325,0.7071067811865475,1
P04791,P02213,0.4999999999999999,1
P04796,P00003,0.0,1
P04797,P00003,0.0,1
P04800,P03536,0.4999999999999999,1
P04801,P03560,0.7071067811865475,1
P04803,P01106,0.4999999999999999,1
P04804,P00003,0.0,1
P04805,P00003,0.0,1
P04810,P00003,0.0,1
P04811,P00003,0.0,1
P04813,P00003,0.0,1
P04814,P00003,0.0,1
P04817,P01140,0.7071067811865475,1
P04818,P00003,0.0,1
P04819,P00003,0.0,1
P04820,P01495,0.4999999999999999,1
P04822,P00003,0.0,1
P04828,P00003,0.0,1
P04829,P01709,0.4999999999999999,1
P04830,P00003,0.0,1
P04831,P04239,0.408248290463863,1
P04832,P00003,0.0,1
P04833,P00003,0.0,1
P04834,P00003,0.0,1
P04835,P00003,0.0,1
P04838,P00003,0.0,1
P04840,P00003,0.0,1
P04842,P00003,0.0,1
P04844,P03274,0.4472135954999579,1
P04847,P00003,0.0,1
P04849,P00003,0.0,1
P04852,P00003,0.0,1
P04856,P00003,0.0,1
P04860,P00003,0.0,1
P04861,P00003,0.0,1
P04865,P00003,0.0,1
P04867,P00003,0.0,1
P04870,P00003,0.0,1
P04871,P01666,0.4999999999999999,1
P04875,P00003,0.0,1
P04877,P00003,0.0,1
P04878,P00003,0.0,1
P04879,P00003,0.0,1
P04880,P00003,0.0,1
P04881,P00003,0.0,1
P04882,P00003,0.0,1
P04885,P00003,0.0,1
P04889,P00003,0.0,1
P04890,P00003,0.0,1
P04891,P00003,0.0,1
P04892,P00003,0.0,1
P04893,P00003,0.0,1
P04896,P00003,0.0,1
P04899,P00003,0.0,1
P04901,P00003,0.0,1
P04904,P03991,0.7071067811865475,1
P04909,P00003,0.0,1
P04912,P00003,0.0,1
P04913,P00003,0.0,1
P04914,P00003,0.0,1
P04916,P00003,0.0,1
P04917,P00003,0.0,1
P04918,P00003,0.0,1
P04922,P00003,0.0,1
P04923,P00209,0.4999999999999999,1
P04925,P00003,0.0,1
P04931,P04302,0.4999999999999999,1
P04934,P00003,0.0,1
P04937,P00003,0.0,1
P04939,P00003,0.0,1
P04940,P00003,0.0,1
P04942,P00003,0.0,1
P04943,P01709,0.4999999999999999,1
P04944,P00003,0.0,1
P04945,P00003,0.0,1
P04947,P00003,0.0,1
P04948,P00172,0.5773502691896258,1
P04949,P01024,0.7071067811865475,1
P04950,P00724,0.35355339059327373,1
P04952,P00003,0.0,1
P04954,P00003,0.0,1
P04955,P00003,0.0,1
P04956,P00003,0.0,1
P04957,P00003,0.0,1
P04958,P01389,0.4999999999999999,1
P04960,P00003,0.0,1
P04961,P00003,0.0,1
P04963,P00003,0.0,1
P04964,P03539,0.4999999999999999,1
P04965,P01134,0.7071067811865475,1
P04967,P00003,0.0,1
P04968,P01660,0.4999999999999999,1
P04969,P02391,0.6666666666666669,1
P04970,P00003,0.0,1
P04971,P00003,0.0,1
P04974,P00653,1.0,1
P04976,P04511,0.4999999999999999,1
P04978,P00003,0.0,1
P04985,P00003,0.0,1
P04986,P00003,0.0,1
P04987,P00003,0.0,1
P04988,P01886,0.6666666666666669,1
P04990,P00003,0.0,1
P04993,P00895,1.0,1
P04995,P02684,0.7071067811865475,1
P04998,P00003,0.0,1
P04999,P00003,0.0,1
